Workbook
Name ça: "$#REF !.$B$508:$R$508"
Name CA_N: [1]SIG!$B$8
Name CA_N_1: [1]SIG!$D$8
Name çb: "$#REF !.$A$48:$K$48"
Name çi: "$#REF !.$R$11:$R$508"
Name cloture: "$#REF !.$G$9"
Name çp: "$#REF !.$B$44:$F$44"
Name çr: "$#REF !.$B$62:$H$62"
Name çs: "$#REF !.$B$161:$L$161"
Name dateCloture: #REF!
Name dateCloture: #REF!
Name dateCloture: #REF!
Name DatesCloture: "$#REF !.$F$9:$#REF !.$M$9"
Name Diligences: 'C400 Revue des PRC'!#REF!
Name Diligences: 'C410 Honoraires avocat'!#REF!
Name Diligences: 'C Synthèse'!$Q$7:$Q$9
Name Etat: 'C400 Revue des PRC'!#REF!
Name Etat: 'C410 Honoraires avocat'!#REF!
Name Etat: 'C Synthèse'!$Q$1:$Q$3
Name NomDossier: "$#REF !.$E$1"
Name RAS: 'C400 Revue des PRC'!#REF!
Name RAS: 'C410 Honoraires avocat'!#REF!
Name RAS: 'C Synthèse'!$Q$4:$Q$6
Name referenceDossier: #REF!
Name referenceDossier: #REF!
Name referenceDossier: #REF!
Name sold6037: "$#REF !.$A$85:$I$85"
Name sold607: "$#REF !.$A$84:$I$84"
Name sold701: "$#REF !.$A$73:$I$73"
Name sold706: "$#REF !.$A$74:$I$74"
Name sold707: "$#REF !.$A$72:$I$72"
Name sold71: "$#REF !.$A$75:$I$75"
Name sold781: "$#REF !.$A$151:$I$151"
Name sold791: "$#REF !.$A$82:$I$82"
Name soldesCapitaux: "$#REF !.$A$55:$J$66"
Name start_toc: #REF!
Name start_toc: #REF!
Name start_toc: #REF!
Name TOTAL1_N: '[1]BILAN PASSIF'!$F$24
Name TOTAL1_N_1: '[1]BILAN PASSIF'!$H$24
Name TOTAL2_N: '[1]BILAN PASSIF'!$F$29
Name TOTAL2_N_1: '[1]BILAN PASSIF'!$H$29
Name TOTAL3_N: '[1]BILAN PASSIF'!$F$34
Name TOTAL3_N_1: '[1]BILAN PASSIF'!$H$34
Name TOTAL4_N: '[1]BILAN PASSIF'!$F$54
Name TOTAL4_N_1: '[1]BILAN PASSIF'!$H$54
Name TOTAL5_N: '[1]BILAN PASSIF'!$F$56
Name TOTAL5_N_1: '[1]BILAN PASSIF'!$H$56
Name TOTALGEN_N: '[1]BILAN PASSIF'!$F$58
Name TOTALGEN_N_1: '[1]BILAN PASSIF'!$H$58
Name uniteMonetaire: #REF!
Name uniteMonetaire: #REF!
Name uniteMonetaire: #REF!

Sheet C Synthèse
D1: #NomClient | Q1: OUI
Q2: NON
A3: PROVISION POUR RISQUES ET CHARGES
Q4: Faible
Q5: Modéré
A6: Fait par : | B6: BRA | C6: Revu par : | E6: Synthèse du cycle | M6: Date Clôture | N6: XRef | Q6: Elevé
A7: Le : | C7: Le : | M7: #DateClôture | N7: C | Q7: PB
Q8: PE
A9: Risque d'anomalies significatives | D9: Modéré | F9: Seuil d'investigation | L9: Niveau de diligences | N9: PE | Q9: PE + VP
A11: Xref | C11: Contrôles | M11: Diligence à tester | N11: Liens
C12: ='C400 Revue des PRC'!E6 -> Revue des provisions pour risques et charges | M12: OUI | N12: C400 Revue des PRC
A13: C410 | C13: Revue des honoraires d'avocats | M13: OUI | N13: C410 Honoraires avocat
A16: Revue analytique
A17: Cf. CPRC
A22: CONCLUSION

Sheet C400 Revue des PRC
D1: ='C Synthèse'!D1:M2 -> #NomClient
A3: PROVISION POUR RISQUES ET CHARGES
A6: Fait par : | B6: ='C Synthèse'!B6 -> BRA | C6: Revu par : | D6: ='C Synthèse'!D6 -> 0 | E6: Revue des provisions pour risques et charges | M6: Date Clôture | O6: XRef
A7: Le : | B7: ='C Synthèse'!B7 -> 0 | C7: Le : | D7: ='C Synthèse'!D7 -> 0 | M7: =+'C Synthèse'!M7:M7 -> #DateClôture | O7: C400
O8: C Synthèse
A9: Risque d'anomalies significatives | D9: ='C Synthèse'!D9:E9 -> Modéré | F9: Seuil d'investigation | J9: ='C Synthèse'!J9:K9 -> 0 | L9: Niveau de diligences | O9: ='C Synthèse'!N9 -> PE
A11: Objectif Contrôle de l'évaluation et de l'exhaustivité des PRC Travail effectué 1/ Obtenir (ou établir) le tableau de variations des provisions pour risques et charges, le rapprocher de la comptabilité générale et effectuer les contrôles arithmétiques nécessaires. 2/ Par entretien avec le responsable du suivi des litiges (responsable du personnel pour les prud'hommes), faire le suivi des litiges existants à l'ouverture et analyser les nouveaux litiges. Obtenir les documents justificatifs : - pour les nouveaux litiges : avis d'assignation en justice (convocation au tribunal précisant les demandes), rapports d'expertise (fixant la valorisation des préjudices), échanges de courriers avec l'avocat… - pour les litiges résolus sur l'exercice : notification de jugement (Jugement TGI, Arrêt Cour d'Appel, Arrêt Cassation) et justificatif de l'absence de procédure d'appel (certificat de non appel délivré par le greffe) - autres justificatifs éventuels : convocation fixant la date de Jugement ou le report de la date d'audience ou de Jugement… 3/ Par entretien, s'assurer qu'il n'existe pas d'autres litiges non provisionnés à la clôture (licenciements, restructurations…). S'assurer également de l'absence / existence de litiges postérieurs à la clôture. 4/ Corroborer les informations obtenues avec les réponses aux circularisations avocats. 5/ S'assurer que les litiges significatifs et les litiges postérieurs à la clôture font l'objet d'une information en annexes (cf. travaux de CAC)
A13: Conclusion sur le contrôle
A14: Conclure sur les points énoncés ci-dessus
A17: 1/ Revue analytique des provisions
A19: N° Compte | B19: Catégorie | E19: N-1 | G19: Dotation | I19: Reprise utilisée | K19: Reprise non utilisée | M19: N | O19: X-Ref
M20: =+E20+G20-I20-K20 -> 0
M21: =+E21+G21-I21-K21 -> 0
M22: =+E22+G22-I22-K22 -> 0
A23: Total | E23: =SUM(E20:E22) -> 0 | G23: =SUM(G20:G22) -> 0 | I23: =SUM(I20:I22) -> 0 | K23: =SUM(K20:K22) -> 0 | M23: =SUM(M20:M22) -> 0
A25: Conclusion RA
A29: 2/ Analyse des honoraires
A30: Cf. C410
A34: 3/ Entretien avec la direction
A39: 4/ Exploitation des circularisations avocats

Sheet C410 Honoraires avocat
D1: ='C Synthèse'!D1:M2 -> #NomClient
A3: PROVISION POUR RISQUES ET CHARGES
A6: Fait par : | B6: ='C Synthèse'!B6 -> BRA | C6: Revu par : | D6: ='C Synthèse'!D6 -> 0 | E6: Revue des provisions pour risques et charges | M6: Date Clôture | O6: XRef
A7: Le : | B7: ='C Synthèse'!B7 -> 0 | C7: Le : | D7: ='C Synthèse'!D7 -> 0 | M7: =+'C Synthèse'!M7:M7 -> #DateClôture | O7: C400
O8: C Synthèse
A9: Risque d'anomalies significatives | D9: ='C Synthèse'!D9:E9 -> Modéré | F9: Seuil d'investigation | J9: ='C Synthèse'!J9:K9 -> 0 | L9: Niveau de diligences | O9: ='C Synthèse'!N9 -> PE
A11: Objectif Contrôle de l'évaluation et de l'exhaustivité des PRC Travail effectué A partir de l'extrait du compte #6226XX, retour sur l'ensemble des factures d'avocat et identification de l'objet de la facture. En cas de litige identifié prendre une copie/scan de la facture. Rapprochement du litige avec la provision en comptabilité. En l'absence de provision, valorisation du risque non provisionné.
A13: Conclusion sur le contrôle
A14: Conclure sur les points énoncés ci-dessus
A17: 1° Revue analytique des comptes d'honoraires sur l'exercice N
A19: Copier/coller ici l'extration des comptes #6226 à partir du FEC / GL
A30: 2° Revue analytique des comptes d'honoraires sur l'exercice N+1 (à la date d'intervention)
A32: Copier/coller ici l'extration des comptes #6226 à partir du FEC / GL
