Workbook
Name ça: "$#REF !.$B$508:$R$508"
Name CA_N: [1]SIG!$B$8
Name CA_N_1: [1]SIG!$D$8
Name çb: "$#REF !.$A$48:$K$48"
Name çi: "$#REF !.$R$11:$R$508"
Name cloture: "$#REF !.$G$9"
Name çp: "$#REF !.$B$44:$F$44"
Name çr: "$#REF !.$B$62:$H$62"
Name çs: "$#REF !.$B$161:$L$161"
Name dateCloture: #REF!
Name dateCloture: #REF!
Name DatesCloture: "$#REF !.$F$9:$#REF !.$M$9"
Name Diligences: 'X100 Analyse résultat excep'!#REF!
Name Diligences: 'X Synthèse'!$Q$7:$Q$9
Name Etat: 'X100 Analyse résultat excep'!#REF!
Name Etat: 'X Synthèse'!$Q$1:$Q$3
Name NomDossier: "$#REF !.$E$1"
Name RAS: 'X100 Analyse résultat excep'!#REF!
Name RAS: 'X Synthèse'!$Q$4:$Q$6
Name referenceDossier: #REF!
Name referenceDossier: #REF!
Name sold6037: "$#REF !.$A$85:$I$85"
Name sold607: "$#REF !.$A$84:$I$84"
Name sold701: "$#REF !.$A$73:$I$73"
Name sold706: "$#REF !.$A$74:$I$74"
Name sold707: "$#REF !.$A$72:$I$72"
Name sold71: "$#REF !.$A$75:$I$75"
Name sold781: "$#REF !.$A$151:$I$151"
Name sold791: "$#REF !.$A$82:$I$82"
Name soldesCapitaux: "$#REF !.$A$55:$J$66"
Name start_toc: #REF!
Name start_toc: #REF!
Name TOTAL1_N: '[1]BILAN PASSIF'!$F$24
Name TOTAL1_N_1: '[1]BILAN PASSIF'!$H$24
Name TOTAL2_N: '[1]BILAN PASSIF'!$F$29
Name TOTAL2_N_1: '[1]BILAN PASSIF'!$H$29
Name TOTAL3_N: '[1]BILAN PASSIF'!$F$34
Name TOTAL3_N_1: '[1]BILAN PASSIF'!$H$34
Name TOTAL4_N: '[1]BILAN PASSIF'!$F$54
Name TOTAL4_N_1: '[1]BILAN PASSIF'!$H$54
Name TOTAL5_N: '[1]BILAN PASSIF'!$F$56
Name TOTAL5_N_1: '[1]BILAN PASSIF'!$H$56
Name TOTALGEN_N: '[1]BILAN PASSIF'!$F$58
Name TOTALGEN_N_1: '[1]BILAN PASSIF'!$H$58
Name uniteMonetaire: #REF!
Name uniteMonetaire: #REF!

Sheet X Synthèse
D1: #NomClient | Q1: OUI
Q2: NON
A3: RESULTAT EXCEPTIONNEL
Q4: Faible
Q5: Modéré
A6: Fait par : | B6: BRA | C6: Revu par : | E6: Synthèse du cycle | M6: Date Clôture | N6: XRef | Q6: Elevé
A7: Le : | C7: Le : | M7: #DateClôture | N7: X | Q7: PB
Q8: PE
A9: Risque d'anomalies significatives | D9: Modéré | F9: Seuil d'investigation | L9: Niveau de diligences | N9: PE | Q9: PE + VP
A11: Xref | C11: Contrôles | M11: Diligences à tester | N11: Liens
A12: X0 | C12: Analyse du résultat exceptionnel | M12: OUI
A15: Revue analytique
A16: Cf. X0
A21: CONCLUSION

Sheet X100 Analyse résultat excep
D1: ='X Synthèse'!D1:M2 -> #NomClient
A3: ='X Synthèse'!A3:O5 -> RESULTAT EXCEPTIONNEL
A6: Fait par : | B6: ='X Synthèse'!B6 -> BRA | C6: Revu par : | D6: ='X Synthèse'!D6 -> 0 | E6: Analyse résultat exceptionnel | M6: Date Clôture | O6: XRef
A7: Le : | B7: ='X Synthèse'!B7 -> 0 | C7: Le : | D7: ='X Synthèse'!D7 -> 0 | M7: ='X Synthèse'!M7:M7 -> #DateClôture | O7: X100
O8: X Synthèse
A9: Risque d'anomalies significatives | D9: ='X Synthèse'!D9:E9 -> Modéré | F9: Seuil d'investigation | J9: ='X Synthèse'!J9:K9 -> 0 | L9: Niveau de diligences | O9: ='X Synthèse'!N9 -> PE
A11: Objectif : Evaluation et classification du résultat exceptionnel Travail effectué : Analyser les composantes du résultat exceptionnel et s'assurer du distingo exploitation - exceptionnel En cas de montant > SI, obtenir les pièces justificatives
A13: Conclusion sur le contrôle
A17: PRODUITS EXCEPTIONNELS
S18: OK
A19: Compte | B19: libellé | F19: 31/12/N | G19: 31/12/N-1 | H19: Var | I19: Analyse | L19: Classification Exceptionnel | S19: A Reclasser
A21: 771800 | B21: Autres produits exceptionnels de gestion | H21: =F21-G21 -> 0
A22: 772000 | B22: Produits exceptionnels sur exercices antérieurs | H22: =F22-G22 -> 0
A23: 775000 | B23: Produits de cession d'immobilisations | H23: =F23-G23 -> 0
A24: 777000 | B24: Quote reprise subvention d'invest | H24: =F24-G24 -> 0
A25: 778000 | B25: Produits exceptionnels divers | H25: =F25-G25 -> 0
A26: 787000 | B26: Reprise provisions exceptionnelles | H26: =F26-G26 -> 0
A28: Produits Exceptionnels | F28: =SUM(F21:F26) -> 0 | G28: =SUM(G21:G26) -> 0 | H28: =SUM(H21:H26) -> 0
A30: CHARGES EXCEPTIONNELLES
A32: Compte | B32: libellé | F32: 31/12/N | G32: 31/12/N-1 | H32: Var | I32: Analyse | L32: Classification Exceptionnel
A34: 671000 | B34: Autres charges exceptionnelles de gestion | H34: =F34-G34 -> 0
A35: 671200 | B35: Pénalités et amendes | H35: =F35-G35 -> 0
A36: 672000 | B36: Charges exceptionnelles sur exercices antérieurs | H36: =F36-G36 -> 0
A37: 675000 | B37: VNC Immobilisations | H37: =F37-G37 -> 0
A38: 678000 | B38: Autres Charges Exceptionnelles | H38: =F38-G38 -> 0
A39: 687000 | B39: Dotation charges exceptionnelles | H39: =F39-G39 -> 0
A41: Charges Exceptionnelles | F41: =SUM(F34:F39) -> 0 | G41: =SUM(G34:G39) -> 0 | H41: =SUM(H34:H39) -> 0
A44: RESULTAT EXCEPTIONNEL | F44: =+F28-F41 -> 0 | G44: =+G28-G41 -> 0 | H44: =+H28-H41 -> 0
